mean_pitch,std_pitch,max_pitch,min_pitch,mean_gx,mean_gy,mean_gz,label
-6.828599999999999,14.497287291639307,15.0,-35.13,0.029399999999999996,0.07219999999999999,-0.042,0
25.392999999999997,14.431216907404982,49.84,-3.65,0.2016,0.04780000000000001,-0.05080000000000001,0
9.0792,8.448582743120111,32.14,-4.52,-0.20600000000000002,-0.08280000000000001,-0.036199999999999996,0
6.237,2.716660051742708,14.74,-0.04,-0.04860000000000001,-0.0208,-0.004399999999999995,0
1.8259999999999998,3.340194910602722,11.23,-5.27,-0.0438,-0.03339999999999999,-0.0020000000000000104,0
1.7368000000000001,3.225308363678786,7.81,-8.53,-0.1242,-0.013999999999999999,-0.020799999999999996,0
0.22919999999999996,5.297601243843812,5.0,-13.1,-0.012000000000000002,-0.062400000000000004,-0.046799999999999994,0
4.1886,8.298272505252438,23.4,-10.44,-0.10839999999999998,0.051800000000000006,-0.0148,0
2.3748,0.6291368885145712,3.8,1.24,-0.0562,-0.0078000000000000005,-0.0424,0
-0.08220000000000001,3.640430726926557,5.5,-7.42,-0.083,-0.019000000000000003,-0.030999999999999996,0
-2.905,8.395099457300025,5.86,-23.37,0.028800000000000003,-0.08259999999999999,-0.028800000000000003,0
-0.01759999999999989,5.298363459308806,10.67,-15.72,-0.0848,0.06219999999999999,-0.018000000000000002,0
0.1482,1.410868440040403,2.65,-6.34,-0.046,-0.006800000000000001,-0.03740000000000001,0
0.2922,1.5824809893432064,3.81,-3.54,-0.0522,-0.005600000000000001,-0.030000000000000006,0
1.0583999999999998,1.2054000267503713,3.16,-1.75,-0.0478,-0.016,-0.0386,0
0.6908,0.6218695971973284,2.0,-0.83,-0.055,-0.005799999999999999,-0.0252,0
0.8468000000000001,0.595361114906623,2.9,-0.35,-0.049800000000000004,-0.0076,-0.0292,0
1.095,0.5313143118335734,2.12,0.0,-0.05140000000000001,-0.007000000000000001,-0.024400000000000005,0
1.3512,0.5209866620565409,2.56,0.34,-0.052000000000000005,-0.005600000000000001,-0.0286,0
1.5888000000000002,0.44362440447398516,2.67,0.6,-0.05339999999999999,-0.0076,-0.0276,0
1.9651999999999998,0.5622086184080114,3.03,0.68,-0.0528,-0.006200000000000001,-0.0278,0
2.5408,0.8274890467244745,4.95,1.38,-0.045,0.0008000000000000006,-0.026999999999999996,0
3.3949999999999996,0.6856346679968741,4.56,1.04,-0.0462,-0.010599999999999997,-0.0292,0
0.2046,4.403632178934446,12.88,-5.58,-0.05879999999999999,-0.0164,0.05580000000000001,0
4.0588,1.9993291119671077,8.13,0.14,-0.122,-0.012800000000000002,-0.1334,0
2.9003999999999994,1.2373621712567195,5.33,-0.33,-0.024600000000000004,-0.0038000000000000004,-0.027600000000000003,0
3.347,0.7504644820213081,4.9,1.97,-0.0504,-0.0132,-0.029600000000000005,0
3.3032,0.5371977175631911,4.44,1.68,-0.0418,-0.0048,-0.0268,0
3.386400000000001,0.34240303260148536,4.09,2.75,-0.05319999999999998,-0.0074,-0.0298,0
3.4384,0.9237641716899173,5.31,0.04,-0.057999999999999996,-0.006,-0.012800000000000002,0
3.6152,0.4844910647645988,4.57,2.23,-0.05159999999999999,-0.0094,-0.028000000000000004,0
3.8960000000000004,0.5201883489346402,5.1,2.85,-0.0536,-0.008399999999999998,-0.0282,0
3.7329999999999997,0.5801943727787108,5.0,2.44,-0.0532,-0.009200000000000002,-0.024399999999999998,0
3.4482,0.7642408264521902,5.36,1.86,-0.0506,-0.0106,-0.033400000000000006,0
3.1804,0.41646206677346315,4.1,2.17,-0.0526,-0.0106,-0.03660000000000001,0
3.216,0.5942960163942215,4.47,1.25,-0.0524,-0.008799999999999999,-0.0342,0
3.1808000000000005,0.5584667055648794,4.47,2.11,-0.05539999999999999,-0.008799999999999999,-0.024399999999999998,0
3.0967999999999996,0.525615052746275,4.28,2.15,-0.0518,-0.0106,-0.030800000000000004,0
3.1950000000000007,0.5822589717677878,4.66,1.81,-0.053,-0.006400000000000001,-0.0268,0
3.3673999999999995,0.527755393247706,4.37,2.25,-0.052399999999999995,-0.0084,-0.026000000000000006,0
3.4375999999999998,0.51148267870207,4.35,2.21,-0.0538,-0.008400000000000001,-0.028200000000000003,0
3.600199999999999,0.4443775284092368,4.39,2.43,-0.05159999999999999,-0.0068000000000000005,-0.027999999999999997,0
3.4414000000000002,0.65451340392567,4.72,2.04,-0.052800000000000014,-0.0098,-0.0292,0
3.1548000000000003,1.1131097090987014,4.88,-0.75,-0.046799999999999994,-0.024200000000000003,-0.068,0
2.443,1.0872568928364668,4.7,-1.44,-0.048799999999999996,-0.0008000000000000006,-0.006399999999999998,0
2.9706,0.43525460529277743,3.85,1.83,-0.0518,-0.007000000000000001,-0.028999999999999998,0
3.24,0.4589384379150633,4.15,2.19,-0.06060000000000001,-0.008400000000000001,-0.0358,0
2.7963999999999998,1.2110052494872656,4.43,-0.51,-0.059400000000000015,-0.021399999999999995,-0.0254,0
2.7303999999999995,1.764322104887857,6.03,-1.51,-0.048799999999999996,-0.0009999999999999996,-0.0292,0
3.0312,0.519165893034005,4.51,2.16,-0.05579999999999999,-0.0058000000000000005,-0.027600000000000003,0
3.085600000000001,0.3943434740301964,4.24,2.34,-0.05500000000000001,-0.0078000000000000005,-0.033400000000000006,0
3.2883999999999998,0.35323207379736016,4.17,2.53,-0.0548,-0.008,-0.029600000000000005,0
3.3569999999999998,0.39691283163733493,4.0,2.45,-0.052399999999999995,-0.009,-0.028600000000000004,0
3.2076,0.4514989095292728,4.05,2.21,-0.0504,-0.0076,-0.030600000000000006,0
3.1273999999999997,0.6309397267374358,4.24,1.64,-0.045799999999999993,-0.0106,-0.0288,0
3.4372,1.6683855571620543,6.32,-0.65,-0.0482,-0.004000000000000001,-0.027999999999999997,0
3.3445999999999994,0.8388894748537545,5.27,1.74,-0.0526,-0.012799999999999999,-0.033800000000000004,0
3.4626,0.4251185188886046,4.17,2.56,-0.0502,-0.0072,-0.0366,0
3.612,0.4645735371591579,4.93,2.45,-0.0552,-0.009400000000000002,-0.023400000000000004,0
3.5153999999999996,0.538665054385679,4.41,2.33,-0.054799999999999995,-0.0088,-0.027600000000000003,0
3.5724,0.4943747236125031,4.49,2.18,-0.055600000000000004,-0.0114,-0.0338,0
4.4398,1.4758968079629082,7.88,1.93,-0.0504,-0.0064,-0.0816,0
-0.22819999999999996,3.58216197972392,4.82,-7.42,-0.05440000000000001,-0.016,0.012000000000000009,0
2.2594000000000003,1.5644917150725381,4.84,-3.16,-0.05039999999999999,-0.01,-0.015400000000000002,0
2.8771999999999998,1.7710311074832845,6.48,-1.25,-0.053,-0.004800000000000001,-0.022,0
3.3215999999999997,0.8165691292579845,5.71,2.0,-0.04500000000000001,-0.0068,-0.0252,0
3.4703999999999997,0.41550048503127474,4.22,2.38,-0.053399999999999996,-0.009000000000000001,-0.0298,0
3.4951999999999996,0.3731949208920077,4.12,2.56,-0.0536,-0.0076,-0.028000000000000004,0
3.5557999999999996,0.3838105931687809,4.53,2.75,-0.0512,-0.0082,-0.029600000000000005,0
3.4046000000000003,0.3404631299526321,4.25,2.77,-0.0572,-0.0092,-0.03,0
3.5018000000000002,0.42836514082911903,4.87,2.45,-0.0546,-0.008799999999999999,-0.031,0
2.6746,1.1676335915353038,6.5,1.03,-0.029800000000000004,-0.007400000000000001,0.0876,0
2.9504,2.007001987939184,7.13,-0.75,-0.0462,-0.01,-0.21320000000000003,0
5.985399999999999,2.415652368894775,9.76,1.02,-0.08979999999999999,-0.0016000000000000014,-0.1004,0
6.022,4.066164014881639,11.62,-2.02,-0.06319999999999999,-0.0736,0.2816,0
3.7864,4.225727692435026,7.94,-4.93,-0.1116,0.005599999999999999,-0.21660000000000001,0
3.0348,2.3081419685406646,10.25,-2.97,-0.0088,0.0038000000000000017,-0.0268,0
4.671200000000001,1.0443856508757203,7.84,2.37,-0.03560000000000001,0.00039999999999999926,-0.030600000000000006,0
4.8596,0.45232262280593577,5.81,3.86,-0.05859999999999999,-0.0063999999999999994,-0.038,0
5.396800000000001,0.5119488175948204,6.49,4.31,-0.0446,-0.0068,-0.0292,0
5.7992,0.4344681947449065,6.76,4.66,-0.056600000000000004,-0.0048000000000000004,-0.0252,0
6.1084000000000005,0.5041961069719937,7.22,4.57,-0.05500000000000001,-0.007000000000000001,-0.029000000000000005,0
6.427,0.36987725487446427,7.33,5.76,-0.05279999999999999,-0.0058000000000000005,-0.023600000000000003,0
6.8732,0.40165697620060353,8.02,6.02,-0.0508,-0.0088,-0.030200000000000005,0
6.877600000000001,0.3859869935421057,7.61,5.77,-0.0546,-0.01,-0.0332,0
5.639999999999999,1.8902780272775122,7.84,1.68,-0.0512,-0.0328,-0.062,0
4.3748000000000005,1.7047236175535605,7.8,0.19,-0.0546,-0.004400000000000001,-0.0356,0
3.6497999999999995,1.3119116601668088,7.33,0.97,-0.05999999999999999,-0.018000000000000002,0.0027999999999999995,0
3.6886,4.316357123353735,10.47,-5.15,-0.0386,-0.039400000000000004,0.09839999999999999,0
2.2281999999999997,3.1223863780572625,6.48,-4.63,-0.05260000000000001,0.019599999999999996,-0.1732,0
1.1024,3.5401594337439843,7.58,-5.16,-0.061799999999999994,0.004000000000000001,-0.023599999999999986,0
1.5832,1.8290595776998382,4.88,-3.0,-0.08859999999999997,-0.0236,-0.019000000000000003,0
1.7464,0.5096567872758357,3.09,0.9,-0.0458,-0.0058000000000000005,-0.03180000000000001,0
1.7366,1.4808252111989615,8.91,-3.36,-0.0434,0.0016000000000000003,-0.0206,0
2.6321999999999997,1.4991811234191574,8.55,-1.38,-0.0484,-0.0166,-0.0352,0
2.5433999999999997,0.5345553559468174,3.85,1.65,-0.0538,-0.0048,-0.0342,0
2.921,1.0060049295939593,6.5,0.56,-0.047599999999999996,-0.0072,-0.027600000000000003,0
1.4768,1.3889923524274859,4.75,-1.61,-0.07139999999999999,-0.021399999999999995,-0.0524,0
0.8342,1.086112877961342,3.44,-1.86,-0.0416,-0.0068000000000000005,-0.0138,0
0.8270000000000001,0.8451741759868802,2.99,-0.94,-0.05379999999999999,0.0012000000000000005,-0.011200000000000002,0
3.3964,1.2146818849528682,6.25,-0.91,-0.042,-0.0036,-0.036000000000000004,0
3.1852,0.6587937028062296,4.33,1.86,-0.050199999999999995,-0.008,-0.028800000000000003,0
3.4648000000000003,0.517226670398413,4.93,2.52,-0.05399999999999999,-0.0058,-0.0302,0
3.8097999999999996,0.4251505855672355,5.05,2.85,-0.053599999999999995,-0.0094,-0.030000000000000006,0
3.9341999999999997,0.48065469806869693,4.95,2.4,-0.051000000000000004,-0.0068000000000000005,-0.031,0
4.1676,0.5911578400365969,5.54,2.78,-0.0532,-0.0088,-0.0264,0
4.3856,0.5507366495366521,5.65,3.28,-0.046599999999999996,-0.008200000000000002,-0.028000000000000004,0
4.3232,0.5017660240163166,5.11,3.13,-0.05620000000000001,-0.0102,-0.0354,0
4.5336,0.7302103694644917,6.68,3.3,-0.042600000000000006,-0.0058000000000000005,-0.030600000000000002,0
4.478,0.8622230404185285,5.96,1.25,-0.055,-0.013000000000000001,-0.035,0
2.3566000000000003,1.8798779921330329,6.59,-1.06,-0.07719999999999999,-0.0254,-0.027200000000000002,0
1.9349999999999996,0.5369462026030131,3.45,0.73,-0.0444,-0.0078000000000000005,-0.030600000000000006,0
2.0936000000000003,0.40294203766085973,2.99,1.17,-0.0426,-0.005,-0.031799999999999995,0
3.3412,2.12342584191736,11.02,-2.63,0.003999999999999999,-0.0008000000000000012,0.003000000000000001,0
4.3660000000000005,2.015758326946229,7.87,-0.67,0.09479999999999995,0.009799999999999996,0.0278,1
4.839599999999999,1.102575759810839,7.65,2.39,-0.2502,-0.0154,-0.026399999999999996,1
4.6314,1.3402314908177586,8.71,1.91,-0.044600000000000015,-0.023200000000000002,-0.037200000000000004,1
3.3361999999999994,0.6175788473167303,4.81,2.02,-0.032999999999999995,-0.011000000000000001,-0.023400000000000004,1
3.6056,0.5008529866994049,5.29,2.68,0.22519999999999998,0.0064,-0.0152,1
2.0102,2.159287949528639,6.45,-1.27,-0.43979999999999997,-0.049800000000000004,-0.05720000000000001,1
1.8962,0.8151321164982636,4.74,0.3,0.1894,0.0164,-0.0030000000000000005,1
2.1164,1.9454035413701471,5.82,-4.87,-0.2552,-0.028200000000000003,-0.031400000000000004,1
3.2594,1.2776467685969086,6.37,-2.71,0.02519999999999997,-0.016799999999999995,-0.0304,1
2.9662,2.2392645385191514,11.08,-0.96,-0.064,-0.015799999999999995,-0.031400000000000004,1
4.188999999999999,1.874874961817182,10.51,0.6,-0.16620000000000001,-0.0378,-0.0508,1
3.3709999999999996,0.8431361523672031,5.35,0.66,0.0992,0.0036,0.0014000000000000002,1
4.6082,1.0179966119986923,7.25,2.53,0.2778,0.0216,-0.0166,1
5.1548,1.4662478004228678,8.38,0.22,-0.5016,-0.0666,-0.09179999999999999,1
5.0906,1.2158870281840013,8.11,2.08,-0.04839999999999999,-0.0038000000000000013,-0.016999999999999994,1
5.070399999999999,0.8294870802649855,7.35,3.69,0.23519999999999996,0.008400000000000001,0.0124,1
4.482600000000001,1.8152492492037267,7.15,-2.0,-0.2426,-0.012199999999999999,-0.0356,1
4.8222000000000005,1.2641949765663167,6.82,1.94,-0.162,-0.0328,-0.063,1
4.914,0.6512907122297498,6.2,3.47,0.20779999999999998,-0.007799999999999999,0.009,1
5.263599999999999,1.6018506643942836,7.22,1.8,-0.2596,-0.0052000000000000015,-0.0296,1
4.257000000000001,1.4624319275977062,7.43,1.42,-0.11460000000000001,-0.0134,-0.043199999999999995,1
7.167000000000001,0.8357136752134523,8.16,5.23,0.06,-0.014600000000000004,0.006000000000000001,1
5.832800000000001,2.8958323606908754,10.01,0.36,-0.12999999999999998,0.002000000000000002,-0.0498,1
7.615600000000001,1.532411944402333,9.57,3.08,0.24020000000000002,-0.037200000000000004,0.023600000000000003,1
6.880599999999999,3.5317177470599144,11.67,-0.62,-0.2988,0.0092,-0.026199999999999998,1
4.771599999999999,2.853730362103581,11.73,-1.46,-0.11259999999999998,-0.0326,-0.05380000000000001,1
6.255,1.2566171790540974,9.66,4.19,0.0762,-0.0262,0.0176,1
4.3342,4.123960395898435,11.02,-3.65,-0.14280000000000004,-0.0208,0.0023999999999999985,1
0.4836,1.758974376488429,4.67,-3.53,-0.1198,-0.04220000000000001,-0.1182,1
2.8876,1.5568748917531647,8.1,1.14,0.1788,-0.008400000000000001,0.051000000000000004,1
2.5117999999999996,1.9350269628454213,5.53,-2.02,-0.18080000000000002,-0.022000000000000006,-0.03779999999999999,1
3.0862,0.6403758144039088,4.57,1.85,0.2526,0.002999999999999999,-0.013200000000000003,1
3.505,3.4129562564092826,13.15,-5.88,-0.45740000000000003,-0.04619999999999999,-0.0724,1
3.5016000000000003,1.045513954269109,6.72,1.44,0.3732,0.013999999999999999,-0.0011999999999999988,1
3.8265999999999996,1.0954220321736408,6.24,1.5,-0.5182,-0.034800000000000005,-0.047599999999999996,1
3.6742000000000004,0.9173410778228698,5.35,0.59,0.4003999999999999,0.002,-0.0020000000000000005,1
4.6610000000000005,1.0178313279934441,6.79,2.11,-0.4376,-0.032600000000000004,-0.0438,1
3.2692,1.1789615631338195,5.07,0.15,0.31999999999999995,-0.0033999999999999985,-0.021,1
3.7024,2.3450917566139657,9.13,-2.13,-0.43459999999999993,-0.06860000000000001,-0.1204,1
8.0196,4.201309300293742,16.2,-1.93,0.27460000000000007,0.14020000000000002,0.0642,1
5.840999999999999,2.3220128934937074,11.15,1.53,-0.1672,-0.0714,-0.044799999999999986,1
5.4239999999999995,2.547031084800257,12.65,1.49,-0.24900000000000003,-0.0398,-0.0832,1
5.367000000000001,1.0364366938738532,8.6,2.83,0.35660000000000003,0.015,0.019,1
6.218599999999999,1.8750804173231002,11.05,-0.01,-0.5392,-0.0794,-0.08539999999999999,1
5.440199999999999,1.280051800609998,9.8,2.92,0.4109999999999999,0.0374,0.028000000000000004,1
6.190200000000001,2.1162919921216843,11.04,-0.34,-0.45720000000000005,-0.05920000000000001,-0.07400000000000001,1
4.6857999999999995,3.181566223207221,10.78,-3.42,0.21500000000000002,0.017000000000000005,0.00039999999999999135,1
5.050599999999999,2.0355678243052817,12.24,2.25,-0.17180000000000006,-0.0366,-0.038,1
2.9064000000000005,2.006597038139294,7.27,-3.98,-0.24440000000000006,-0.0336,-0.04680000000000001,1
3.0446,1.118317267238632,5.21,-0.91,0.4102,0.0308,0.011199999999999998,1
5.672600000000001,1.010747975208338,7.07,2.55,-0.12440000000000001,-0.0025999999999999994,-0.0466,1
3.460199999999999,2.705652805154574,7.87,-1.67,-0.3956000000000001,-0.0702,-0.05500000000000001,1
3.5408,1.0579588356638379,5.52,1.46,-0.066,-0.0092,-0.0222,1
3.8066000000000004,1.745793322971139,9.69,1.65,-0.0864,-0.0142,-0.0732,1
4.8174,0.8228839529362569,6.58,2.45,0.07400000000000001,0.0030000000000000005,0.027000000000000003,1
5.1294,1.755646761458696,10.12,2.1,-0.14300000000000002,-0.031,-0.04799999999999999,1
4.494000000000001,1.9059584337074111,11.33,1.39,-0.05960000000000001,-0.0458,-0.03900000000000001,1
2.1048,1.742624387268249,4.65,-2.78,0.0806,0.013999999999999999,-0.019,1
3.6544,2.5106435958347655,8.94,-0.82,-0.16879999999999998,-0.047599999999999996,-0.0354,1
4.1592,1.3123259301479857,8.44,1.87,-0.020600000000000004,-0.0128,-0.032,1
4.1062,0.6168282597618371,5.53,2.98,0.041800000000000004,-0.0004000000000000001,-0.006000000000000001,1
5.0144,1.4476880372031897,9.54,1.62,-0.18980000000000005,-0.0282,-0.048200000000000014,1
5.374599999999999,1.409236600404051,8.7,2.38,-0.11420000000000002,-0.0254,-0.054799999999999995,1
5.8126,1.1409605870600832,9.42,3.85,0.46340000000000003,0.025,0.042800000000000005,1
5.437,1.226608481687184,10.99,3.78,-0.4022,-0.06740000000000002,-0.0504,1
6.5016,1.8815618349593273,11.28,0.22,-0.07979999999999997,-0.023,-0.015400000000000002,1
6.664999999999999,1.8455907189950909,13.05,2.8,-0.16140000000000002,-0.051800000000000006,-0.05660000000000001,1
6.106600000000001,1.1028434677168446,8.46,4.08,0.21179999999999996,-0.0158,0.0014000000000000013,1
5.526,1.8168317343717906,8.63,0.66,0.04180000000000002,0.007199999999999997,-0.0027999999999999995,1
5.0338,2.3904741993920755,10.39,0.61,-0.24480000000000002,-0.07819999999999999,-0.029799999999999997,1
5.625799999999999,1.6293746014458228,9.78,2.08,-0.1502,-0.046799999999999994,-0.044600000000000015,1
5.443,1.4846565602996593,10.36,2.89,-0.1374,-0.015399999999999999,-0.0348,1
6.4677999999999995,1.4207418154339124,9.63,3.41,0.3094,0.024399999999999998,0.024,1
8.764199999999999,1.761459378713328,11.5,3.99,0.018799999999999994,-0.0009999999999999998,-0.047400000000000005,1
3.9938000000000007,2.8930951507028606,10.24,-1.42,-0.47620000000000007,-0.0764,-0.0432,1
7.662200000000001,2.674894077628236,11.22,2.06,0.3521999999999999,0.05260000000000001,-0.004200000000000001,1
10.403599999999999,0.6972504600799002,12.28,9.2,0.1044,0.0108,-0.0262,1
8.620999999999999,2.7758993762272395,12.33,1.9,-0.4235999999999999,-0.06860000000000001,-0.0268,1
5.277,2.709474118717505,11.51,0.24,-0.151,-0.04860000000000001,-0.047,1
7.517800000000001,1.0762013505561008,9.09,5.63,0.14300000000000002,0.028000000000000004,-0.00020000000000000017,1
9.4926,0.45031875332017507,10.23,8.44,0.061200000000000004,0.0134,-0.0222,1
8.132399999999999,3.160968955034813,11.81,0.41,-0.3496000000000001,-0.10060000000000002,-0.056999999999999995,1
6.040600000000001,1.924832788921189,9.21,1.6,0.1292,0.0302,-0.009,1
5.888999999999999,2.0268627109352013,10.38,0.91,-0.136,-0.009799999999999996,-0.034,1
6.8176,2.8642187808353254,10.09,-1.17,-0.2284,-0.0574,-0.04479999999999999,1
5.4264,2.15633737090068,10.1,1.13,0.36619999999999997,0.053599999999999995,0.005600000000000001,1
7.4974,2.312778883349056,10.54,1.67,-0.4256000000000001,-0.07459999999999999,-0.08080000000000002,1
8.121,2.397533809427291,12.14,1.11,-0.0484,-0.0294,-0.0202,1
6.035000000000001,2.134769738574794,9.08,0.57,0.20759999999999998,0.0524,0.0408,1
5.6748,2.8782649535539884,11.08,0.69,-0.1764,-0.04320000000000001,-0.024400000000000005,1
5.7816,3.51421855917253,11.69,-6.44,-0.19039999999999999,-0.028399999999999998,-0.03900000000000001,1
8.5676,1.5823188357468236,12.33,4.91,-0.07700000000000001,-0.0268,-0.037599999999999995,1
6.3982,1.0552506037594547,9.16,4.11,0.2086,0.022400000000000003,0.026999999999999996,1
6.189399999999999,2.4266062721422275,10.63,0.49,-0.24679999999999994,-0.05199999999999999,-0.037200000000000004,1
7.969600000000001,1.6171718321482964,13.9,4.06,-0.02,-0.020999999999999998,-0.0302,1
5.4224,1.5626632943243315,7.83,1.56,0.0017999999999999993,0.003400000000000002,-0.0072,1
6.6196,2.7457372973615755,11.19,0.47,-0.1998,-0.04940000000000001,-0.048,1
7.695400000000001,1.445819039118503,12.5,5.35,0.23919999999999997,0.017400000000000006,0.0104,1
6.4754,1.6197974300157763,9.5,2.52,-0.17740000000000003,-0.020799999999999996,-0.0184,1
9.549,0.7635423621355334,10.76,8.03,0.193,0.0162,-0.018800000000000004,1
6.780400000000001,2.08798600354993,12.2,1.88,-0.22499999999999998,-0.053200000000000004,-0.0104,1
9.1364,0.7846480037544977,10.83,7.55,-0.23460000000000003,-0.0492,-0.09399999999999999,1
9.5228,0.9958240152696435,11.14,7.05,0.2966,0.0446,0.0472,1
8.9998,0.5510416481167133,10.3,7.07,-0.0152,-0.0262,-0.03560000000000001,1
8.1082,1.482023836873491,11.46,5.24,-0.41259999999999997,-0.06280000000000001,-0.05800000000000001,1
8.194600000000001,1.0314962581668656,9.87,4.95,0.25559999999999994,0.03940000000000001,0.01,1
8.7126,0.8325883173108118,10.13,7.02,-0.2758,-0.0384,-0.04540000000000002,1
9.1554,0.7591192802403671,10.4,6.79,-0.04940000000000001,-0.0282,-0.03780000000000001,1
7.5642000000000005,1.671113633332636,12.04,4.71,0.08259999999999999,0.0206,-0.00039999999999999996,1
9.5906,1.3778812632118214,11.3,6.9,-0.3218,-0.064,-0.07419999999999999,1
9.233399999999998,1.6104627424743359,13.25,6.43,0.2802,0.042200000000000015,0.011799999999999998,1
9.2092,1.9454739100522211,12.84,6.69,-0.3604,-0.05880000000000002,-0.05000000000000001,1
9.8288,1.203721508235088,12.22,7.6,0.06539999999999999,-0.0014000000000000013,-0.037599999999999995,1
9.4182,0.9733399053920327,11.33,7.63,-0.006000000000000001,-0.0058000000000000005,-0.0146,1
10.0022,1.398390167737349,12.96,6.4,-0.1598,-0.015400000000000002,-0.0192,1
9.4636,1.2439334584211457,11.52,5.42,-0.0676,-0.0013999999999999993,-0.032400000000000005,1
3.9498,1.2834972790411838,7.29,1.82,-0.029800000000000004,-0.031200000000000006,-0.009200000000000002,0
4.4378,4.655705426721945,13.0,-7.82,-0.053599999999999995,-0.065,0.1466,0
2.3158000000000003,4.946961586547394,10.34,-9.34,-0.08660000000000002,0.0308,-0.21999999999999997,0
0.6409999999999999,1.5302477457148258,3.93,-4.22,-0.038599999999999995,-0.008799999999999999,-0.021,0
1.9096000000000002,0.9059755369044948,4.38,0.47,-0.051,-0.0046,-0.0268,0
2.2878,1.2675177251910401,4.71,-1.44,-0.0638,-0.002599999999999999,-0.0124,0
4.848,2.397047503637314,11.59,-1.85,-0.06720000000000001,-0.0082,-0.03440000000000001,0
3.1142000000000003,1.9317118241157432,7.29,-2.6,-0.0152,-0.0202,-0.05739999999999999,0
1.2834,1.4071792743655946,3.7,-1.34,-0.051199999999999996,0.0032000000000000006,-0.0206,0
2.8497999999999997,0.7970007297771478,4.17,0.33,-0.0528,-0.013200000000000003,-0.0006,0
6.0238,2.974264367976096,13.64,1.91,-0.09899999999999999,-0.003999999999999998,-0.05500000000000001,0
2.6126,1.2508687756425736,5.61,0.35,-0.031400000000000004,-0.0142,0.0148,0
2.5896000000000003,0.7310796042532592,3.7,0.35,-0.0318,-0.0188,-0.061200000000000004,0
1.7231999999999996,0.5869340608933294,3.3,0.65,-0.064,-0.011600000000000001,-0.0398,0
0.48900000000000005,1.3550378411765511,4.41,-1.83,-0.0512,0.0164,-0.026600000000000002,0
4.0896,0.8621708718374207,6.67,2.51,-0.0492,-0.0144,-0.014600000000000004,0
3.6606000000000005,0.39850439784529457,4.75,2.5,-0.047400000000000005,-0.0064,-0.026400000000000007,0
4.0598,0.38365848972060285,4.88,3.14,-0.054200000000000005,-0.008,-0.027000000000000003,0
3.6622000000000003,0.7785341799739784,5.6,1.78,-0.05319999999999998,-0.0134,-0.039200000000000006,0
3.2184000000000004,0.4160620047982448,4.27,2.46,-0.0572,-0.009800000000000001,-0.0304,0
3.3815999999999997,1.7713034057162653,8.65,-2.42,-0.0482,-0.010399999999999996,-0.03559999999999999,0
3.691400000000001,0.899739213917691,7.0,1.9,-0.03560000000000001,-0.0058000000000000005,-0.1044,0
4.3922,0.9193437988087826,6.25,2.87,-0.0352,0.0036000000000000003,-0.0218,0
4.2014,1.2464431190309455,6.92,1.01,-0.0702,-0.023200000000000002,-0.023000000000000003,0
4.478400000000001,1.1242055879960893,6.74,1.76,-0.0322,0.0022,-0.0184,0
3.0793999999999992,1.4185468419679144,5.81,0.06,-0.05739999999999999,-0.02,-0.041400000000000006,0
3.3842000000000003,1.2166633696721707,6.82,0.94,-0.1322,0.006200000000000001,0.015599999999999998,0
4.9628,1.9304467496051851,8.77,-1.27,0.006200000000000002,-0.002599999999999999,-0.037200000000000004,0
6.1052,1.3650031621403158,8.74,3.45,-0.06720000000000001,0.0031999999999999997,-0.010199999999999997,0
2.8831999999999995,3.376318149241561,10.62,-3.18,-0.06339999999999998,-0.039,-0.019600000000000003,0
3.1612,1.416837006165782,7.46,0.86,-0.049400000000000006,0.021599999999999998,-0.028800000000000003,0
6.53,1.6866534913846412,12.36,3.67,-0.0444,-0.011000000000000001,-0.0194,0
6.820799999999999,0.4551556809241767,8.03,5.51,-0.05340000000000001,-0.0052,-0.0356,0
7.2909999999999995,0.6662176208772528,8.82,5.79,-0.045799999999999993,-0.006600000000000002,-0.0362,0
7.197,0.8534067384456778,9.53,4.81,-0.058199999999999995,-0.0068000000000000005,-0.0192,0
7.072,0.8376449006541119,9.78,5.3,-0.056799999999999996,-0.016200000000000003,-0.0384,0
6.783199999999999,0.4865683247950668,8.21,5.62,-0.06380000000000001,-0.015600000000000001,-0.0318,0
4.846,0.6666057795324929,6.3,3.26,-0.0588,-0.012999999999999998,-0.032600000000000004,0
5.2274,0.4501011677661921,6.39,4.37,-0.04639999999999999,-0.0062,-0.031400000000000004,0
6.069,0.42287765394269966,6.89,4.85,-0.0512,-0.0036000000000000003,-0.0248,0
6.187799999999999,0.3555983172981927,7.23,5.35,-0.060599999999999994,-0.01,-0.031200000000000002,0
5.695399999999999,0.47062793485005155,7.35,4.44,-0.0576,-0.0098,-0.0358,0
6.0426,0.2506384500691409,6.63,5.58,-0.050199999999999995,-0.008,-0.0296,0
5.947599999999999,0.39833613126276624,7.08,5.15,-0.052399999999999995,-0.01,-0.032,0
6.1446,0.489227671218334,7.3,5.08,-0.0432,-0.0052,-0.033800000000000004,0
7.1842,0.8368724331627582,10.66,5.84,0.1968,0.009399999999999999,0.0202,1
7.776399999999999,2.3784643991363805,12.8,0.86,-0.16720000000000002,-0.022199999999999998,-0.0542,1
8.406,0.8775220213528454,10.4,5.8,0.12100000000000001,-0.023799999999999998,-0.026200000000000005,1
4.8734,1.4479607193905362,8.17,2.62,-0.28740000000000004,-0.030600000000000002,-0.0184,1
6.442799999999998,1.1149559156655258,8.12,3.33,0.18020000000000003,-0.0206,-0.032600000000000004,1
3.4612,1.4403480871806293,5.75,-0.49,-0.3015999999999999,-0.013800000000000002,-0.0128,1
4.8726,0.4767355404311745,6.06,3.84,0.0186,0.0052,-0.0188,1
4.893399999999999,2.10540374721228,8.66,1.09,-0.23259999999999997,-0.0392,-0.0386,1
3.9678000000000004,1.3475197018740677,6.36,1.48,0.15700000000000003,0.0206,-0.01,1
4.5328,1.6656052892542808,7.81,1.85,-0.22820000000000001,-0.04580000000000001,-0.0392,1
5.6266,1.2130625940745419,7.99,2.3,0.1822,-0.0076,-0.0144,1
3.3632,0.9745547177861199,5.31,-0.04,-0.21419999999999997,-0.023400000000000004,-0.0206,1
5.0178,1.845048851739737,9.5,0.09,-0.17119999999999996,-0.0316,-0.0038,1
3.1736,1.1292543322647806,5.0,0.42,0.1416,0.005600000000000001,-0.0326,1
4.3734,2.2226850924969477,8.17,0.1,-0.2446,-0.0486,-0.027399999999999997,1
3.7962000000000007,1.4324260710345897,6.99,1.26,0.215,0.026000000000000006,-0.0332,1
4.0812,2.4437213508942315,9.47,0.08,-0.1754,-0.038400000000000004,-0.015200000000000005,1
4.9408,1.750478465203973,9.47,0.03,-0.1918,-0.0298,-0.04279999999999999,1
4.0574,1.3825129589384155,7.37,1.32,0.303,0.022400000000000003,0.006,1
3.866,2.4646968601117862,8.89,-0.88,-0.20780000000000004,-0.04620000000000001,-0.0268,1
4.565,2.4858507762198143,10.6,0.87,-0.18100000000000002,-0.055600000000000004,-0.0284,1
5.965800000000001,2.5651686422660998,10.42,-0.3,-0.1036,-0.034199999999999994,-0.044000000000000004,1
4.994199999999999,2.453543118988271,9.0,0.9,0.27819999999999995,0.0504,0.004999999999999999,1
4.7886,3.318414921590839,12.04,0.14,-0.206,-0.0592,-0.030400000000000003,1
5.9124,3.2395770447037417,15.67,-3.1,-0.21900000000000003,-0.0504,-0.012999999999999998,1
5.3326,1.88948628154937,14.28,2.03,0.12780000000000002,-0.017799999999999993,-0.0352,1
3.5224,2.160172479886072,6.03,-4.19,0.00799999999999999,-0.0038000000000000043,0.013199999999999998,1
4.2472,2.5371525418090584,11.45,-0.87,-0.2518,-0.06160000000000001,-0.0378,1
6.256800000000001,2.18276592928349,14.42,0.88,-0.04400000000000002,-0.0326,-0.0146,1
4.5404,1.3454108848153383,6.81,0.38,0.1474,0.0158,0.0027999999999999995,1
3.8473999999999995,2.842900078642029,10.62,-3.24,-0.16940000000000002,-0.061200000000000004,-0.0043999999999999985,1
4.873999999999999,3.176874988707858,10.32,-8.4,-0.1898,-0.0356,-0.0098,1
5.5516000000000005,1.2670798180486196,9.89,3.48,0.4068,-0.027000000000000003,-0.015200000000000002,1
3.0584000000000002,1.817045549955269,7.02,-0.43,-0.34940000000000004,-0.047,-0.012199999999999999,1
2.8952000000000004,2.5258865810657776,9.35,-5.01,-0.1748,-0.04000000000000001,-0.011400000000000004,1
7.6236000000000015,2.743816617897971,13.11,4.33,0.42599999999999993,0.0854,0.0208,1
10.543,1.2642610974197457,13.76,8.61,-0.20540000000000005,-0.052800000000000014,-0.05080000000000001,1
4.9466,2.7526488986399396,13.2,0.78,-0.2088,-0.04499999999999999,-0.048,1
12.078999999999999,1.6158150151750992,15.91,8.55,-0.12219999999999999,-0.021400000000000002,-0.034,1
4.8818,2.4273775973259704,10.99,1.08,-0.0022000000000000153,0.014199999999999999,-0.024000000000000004,1
12.1292,2.015575919114506,14.95,5.97,-0.153,-0.0438,-0.0362,1
4.3836,1.6478009588539508,7.99,1.81,-0.041800000000000004,-0.00040000000000000034,-0.0154,1
10.9938,1.5422841396276301,13.08,6.89,0.1826,0.044599999999999994,-0.0022,1
12.008,1.8972633352450856,15.32,7.42,-0.24760000000000001,-0.0736,-0.05379999999999999,1
5.0048,1.4544712764016865,7.82,2.37,-0.08740000000000002,-0.0108,-0.0206,1
11.2696,1.8169709712056719,14.11,7.05,0.20700000000000002,0.026999999999999996,-0.0084,1
5.539,3.171523968964177,12.85,1.27,-0.34340000000000004,-0.0604,-0.035,1
6.520000000000001,1.8109091188501685,10.52,1.85,-0.04220000000000001,0.009400000000000002,0.009600000000000001,0
7.3054,1.188909996421864,9.72,3.87,-0.060599999999999994,-0.0216,-0.0662,0
5.794799999999999,1.675125630378516,9.21,1.51,-0.03540000000000001,-0.0084,-0.0010000000000000007,0
7.164000000000001,1.3989544200536896,10.06,4.41,-0.04019999999999999,0.0022000000000000014,-0.055600000000000004,0
7.373399999999999,0.8527281788112643,9.28,5.53,-0.08939999999999998,-0.009000000000000001,-0.035800000000000005,0
8.0556,0.4719527821418457,9.12,7.01,-0.04340000000000001,-0.005600000000000001,-0.017599999999999998,0
8.2562,0.6700621049498292,9.66,6.83,-0.05460000000000001,-0.013800000000000003,-0.0096,0
7.665200000000001,0.9783059911116246,10.57,5.46,-0.0676,0.00039999999999999996,-0.006400000000000002,0
8.118400000000001,1.017073352360405,10.63,6.18,-0.019,-0.0192,-0.064,0
6.0851999999999995,1.7489649883894889,9.15,3.21,-0.08379999999999999,-0.0226,-0.0152,0
7.804200000000001,2.5623212451340494,13.57,3.7,-0.0242,0.017,-0.0484,0
8.9202,0.6147058032016584,10.0,6.97,-0.0658,-0.01,-0.03940000000000001,0
9.395000000000001,0.6011561989285347,10.76,8.07,-0.0558,-0.0096,-0.026200000000000005,0
9.465399999999999,0.607037671560734,10.99,8.21,-0.04879999999999999,-0.0062,-0.028999999999999998,0
9.831199999999999,0.5084094445083669,10.88,8.62,-0.0542,-0.0074,-0.025800000000000003,0
8.2102,3.191120646354794,11.8,-2.78,-0.047400000000000005,-0.06559999999999999,-0.0516,0
2.9659999999999997,2.192508580952654,12.63,-0.77,-0.030200000000000005,-0.010000000000000004,-0.016799999999999995,0
4.337999999999999,2.2183078677042025,7.89,-1.66,-0.057,0.029799999999999997,0.07119999999999999,0
5.693199999999999,2.2589345872308377,12.69,0.83,-0.11639999999999999,-0.0052000000000000015,-0.10520000000000002,0
4.3836,2.371353492787421,9.29,-2.99,-0.0932,-0.011400000000000004,-0.04100000000000001,0
3.1546,1.2400398446527963,6.77,0.86,0.0336,1.249000902703301e-18,-0.0238,0
6.200800000000002,0.9890891295138415,8.31,2.99,-0.042800000000000005,0.0007999999999999996,0.0498,0
5.747199999999999,2.0568789910136838,11.65,2.44,-0.0356,-0.0104,-0.1192,0
12.309,2.1400755756252523,16.28,7.13,-0.04019999999999999,0.019000000000000003,-0.17160000000000003,0
11.427200000000001,6.660980206104988,18.16,-1.96,-0.1292,-0.06720000000000001,0.11999999999999998,0
7.671199999999999,3.956931216619923,13.02,0.13,0.12380000000000001,0.0388,-0.006400000000000005,0
7.289200000000001,3.5972823302133663,12.92,0.02,-0.09359999999999999,-0.0144,0.184,0
5.4286,3.013022084491359,14.64,-0.38,-0.16520000000000004,-0.12039999999999998,-0.30499999999999994,0
8.626999999999999,4.724370274417102,15.77,1.98,-0.0652,0.0126,-0.03500000000000001,0
9.0616,3.812291270967353,17.92,0.8,0.009800000000000005,0.0158,0.06720000000000001,0
-0.563,6.182837420750167,11.58,-13.88,-0.010199999999999996,-0.0518,-0.11899999999999998,0
9.119,3.983666268498845,14.41,1.49,-0.1588,-0.0192,-0.023400000000000004,0
6.704000000000001,2.53203556089417,13.1,1.48,-0.008000000000000002,0.024999999999999994,0.007199999999999999,0
9.3276,1.0603995396422374,11.96,6.83,-0.0434,-0.018000000000000002,-0.05499999999999999,0
7.4628,0.946227827767085,9.82,5.48,-0.0528,-0.012200000000000003,-0.013999999999999999,0
7.9636000000000005,0.7961867281752747,9.86,6.06,-0.04759999999999999,-0.0042000000000000015,-0.045200000000000004,0
8.0996,1.2578925686582756,10.25,3.53,-0.0634,-0.019000000000000003,0.008799999999999997,0
6.902199999999999,1.237311585326701,8.48,3.77,-0.0376,-0.0014000000000000002,0.0031999999999999984,0
7.1232,0.8504919104823504,9.2,5.49,-0.0582,-0.017599999999999998,-0.04479999999999999,0
6.8995999999999995,1.141091421689367,9.23,3.52,-0.034600000000000006,-0.0030000000000000005,-0.10459999999999998,0
9.211,1.5131629935000257,12.14,6.08,-0.04619999999999999,-0.0078000000000000005,-0.014600000000000002,0
8.453199999999999,1.22015964161269,11.55,5.98,-0.062400000000000004,0.0024000000000000007,0.012400000000000001,0
8.0338,1.0034916389226942,10.54,5.51,-0.0432,-0.0302,-0.07640000000000001,0
8.404399999999999,2.702128533627684,16.14,3.7,-0.10100000000000003,-0.0064,-0.0078000000000000005,0
6.2498000000000005,0.7757326753937012,8.08,4.34,-0.0698,-0.010599999999999998,-0.0332,0
7.5044,1.3103156809232916,10.1,5.66,-0.0356,-0.008000000000000002,-0.007400000000000001,0
11.4236,1.5307151323242776,14.24,8.22,0.2126,0.061000000000000006,0.015,1
9.791800000000002,3.105846159639421,16.28,5.61,-0.2704,-0.0816,-0.0668,1
9.1268,5.101206515949667,17.92,1.51,-0.2116,-0.0526,-0.037,1
9.320400000000001,3.267988184726224,16.35,4.99,0.256,0.031200000000000006,-0.0124,1
5.935600000000001,2.8176942085792818,15.03,1.93,-0.2336,-0.047400000000000005,-0.0246,1
10.953200000000002,4.995076122481794,18.79,1.05,-0.17259999999999998,-0.06499999999999999,-0.042199999999999994,1
6.9664,2.780325748056533,11.95,2.29,0.24659999999999996,0.06119999999999999,0.0082,1
8.1048,5.238868954112839,16.49,0.96,-0.322,-0.0942,-0.049,1
10.1182,4.132828102213904,19.03,4.64,0.3372,0.0698,-0.004399999999999999,1
6.0284,3.3175374196250216,16.35,1.48,-0.2732,-0.0706,-0.026600000000000002,1
10.104800000000001,5.397611807502443,18.1,1.72,-0.2116,-0.07480000000000002,-0.034,1
8.7882,3.1592634700938427,15.28,3.53,0.3882,0.09200000000000001,0.0098,1
6.496400000000001,4.251512460769889,15.46,1.0,-0.44339999999999996,-0.10200000000000001,-0.044000000000000004,1
9.786799999999998,3.038394742663451,15.54,4.38,-0.0382,-0.018199999999999997,-0.0548,1
4.750000000000001,1.7728657764265434,8.24,1.85,0.06559999999999999,0.011400000000000004,0.0074,1
7.183600000000001,4.6739699334479585,14.61,0.0,-0.23199999999999998,-0.07039999999999999,-0.06079999999999999,1
7.5664,2.8147691825477286,15.21,2.73,0.41119999999999995,0.0864,0.022799999999999997,1
6.6457999999999995,4.194071174933511,14.97,0.77,-0.4219999999999999,-0.10220000000000001,-0.05000000000000001,1
10.2278,1.8370554189367552,12.64,6.61,0.32300000000000006,0.0782,0.015000000000000003,1
7.811,3.358483774757014,14.68,2.02,-0.4264,-0.11079999999999998,-0.0698,1
10.5352,2.1278534167713024,15.28,5.65,0.04539999999999998,-0.022200000000000008,-0.010199999999999997,1
5.7272,2.281993435752243,11.39,1.51,-0.012799999999999994,0.0206,-0.004200000000000001,1
9.4788,3.5588238368934215,14.14,1.02,-0.21259999999999998,-0.066,-0.045599999999999995,1
9.662200000000002,3.3173312915594044,14.88,4.69,-0.0536,-0.021799999999999996,-0.03,1
9.7036,3.1958702688798564,15.06,4.28,-0.006400000000000008,-0.018799999999999997,-0.0246,1
6.9388,3.1888835228726964,12.86,1.53,0.22960000000000005,0.0226,-0.015600000000000001,1
6.6578,2.8698647411773717,11.33,0.82,-0.13260000000000002,-0.015200000000000005,0.0010000000000000015,1
12.9222,3.1320100411651275,18.47,7.35,0.11900000000000002,0.036399999999999995,-0.030400000000000003,1
8.076600000000001,5.7021312199018706,17.26,-3.1,-0.08479999999999997,-0.04500000000000001,-0.015999999999999997,1
7.484,4.589110891611816,15.74,-0.5,-0.009199999999999996,-0.026600000000000006,-0.008400000000000005,1
6.284800000000001,4.074994548637896,14.33,-1.85,-0.17359999999999995,-0.0654,-0.0226,1
6.828199999999999,2.9936713450960144,13.52,0.0,-0.13139999999999996,-0.0472,-0.0332,1
7.5278,3.3687981809056877,13.09,0.13,-0.11339999999999999,-0.059800000000000006,-0.04000000000000001,1
6.7658,3.454954496289144,12.58,-0.24,-0.1638,-0.05380000000000001,-0.048799999999999996,1
7.266399999999999,2.384153261749379,11.36,2.74,-0.12259999999999999,-0.029200000000000004,-0.04839999999999999,1
7.937200000000001,2.966631457407818,12.3,-0.99,0.02519999999999999,-0.015,-0.04819999999999999,1
6.612,2.2178533471327078,10.2,1.45,0.21840000000000004,0.015000000000000005,0.021600000000000005,1
6.4026,2.024598534151844,11.25,2.43,-0.006200000000000006,-0.017799999999999996,-0.0196,1
6.783199999999999,2.1203132614145987,12.48,2.85,-0.3097999999999999,-0.0644,-0.08340000000000002,1
8.2142,2.494335697420973,11.78,3.13,-0.1276,-0.031400000000000004,-0.047799999999999995,1
5.0588,2.8255948551967403,8.7,-0.5,0.3052,0.051399999999999994,0.0166,1
5.169999999999999,2.687658111153459,10.14,0.5,-0.18540000000000004,-0.034800000000000005,-0.047000000000000014,1
6.547999999999999,3.1781344804004443,11.3,1.53,-0.2992,-0.05780000000000001,-0.0722,1
10.238399999999999,2.9962100959004045,14.77,3.23,0.17939999999999998,0.0508,-0.0148,1
8.6964,2.226764615549031,13.36,5.21,0.1446,0.027000000000000007,0.0124,1
8.9728,2.488476330805578,13.71,3.94,-0.3298,-0.0836,-0.0714,1
9.7278,1.558090524209891,13.7,5.83,-0.1534,-0.028599999999999993,-0.051199999999999996,1
7.593799999999999,2.567541419096391,12.74,3.05,0.31860000000000005,0.05859999999999999,0.019,1
7.933,1.814945043301334,12.25,5.13,-0.2688,-0.0668,-0.064,1
